{
    "zl": [
        0.4429260756549523,
        0.6817306611601871
    ],
    "zs": [
        1.3221387884480655,
        4.023762662073402
    ],
    "sigma": [
        328.57662697032373,
        227.14040515670706
    ],
    "q": [
        0.6364157619983671,
        0.5159520171064268
    ],
    "theta_E": [
        8.716300576107174e-06,
        4.752154799164841e-06
    ],
    "phi": [
        5.350821672231201,
        3.7317011052065907
    ],
    "e1": [
        -0.06437023365885898,
        0.12156638905011158
    ],
    "e2": [
        -0.21265438492147562,
        0.29525582181668514
    ],
    "gamma1": [
        0.003808682000191196,
        -0.03681447446633244
    ],
    "gamma2": [
        -0.01700110917061756,
        0.02316205133874681
    ],
    "gamma": [
        1.718528854604302,
        1.8408455409065556
    ],
    "geocent_time": [
        1248047791.2624125,
        1266259234.6633928
    ],
    "ra": [
        5.600090560362735,
        4.403595306538576
    ],
    "dec": [
        0.864197475015876,
        -0.7693539690419261
    ],
    "phase": [
        2.729465808100585,
        0.6123501349678668
    ],
    "psi": [
        1.7103410172655729,
        0.9833599997778419
    ],
    "theta_jn": [
        2.683619656753821,
        2.5868887691423064
    ],
    "a_1": [
        0.02503866029775589,
        0.013252529379772249
    ],
    "a_2": [
        0.04095906410513236,
        0.03278763342192198
    ],
    "tilt_1": [
        2.56341210117037,
        1.4727745670628505
    ],
    "tilt_2": [
        1.986047873320547,
        0.7318185238101129
    ],
    "phi_12": [
        2.551863054196599,
        0.16130231583640547
    ],
    "phi_jl": [
        0.7665159806756648,
        3.040863599831552
    ],
    "luminosity_distance": [
        9334.354183377682,
        36104.65161116465
    ],
    "mass_1_source": [
        1.3607303940403668,
        1.855558771279627
    ],
    "mass_2_source": [
        1.2474644407346507,
        1.3474941817478054
    ],
    "mass_1": [
        3.1598048286213563,
        9.321886872437391
    ],
    "mass_2": [
        2.8967855650396057,
        6.769490957625775
    ],
    "x0_image_positions": [
        [
            -1.1783964186987728,
            0.3083532178567683,
            0.25618184269710353,
            0.6620984899368588
        ],
        [
            1.3691604031603384,
            0.9995182629986737,
            1.0052222660487156,
            0.0
        ]
    ],
    "x1_image_positions": [
        [
            -0.660040188518519,
            0.806074525761967,
            0.8210570526688891,
            -0.3251668881724296
        ],
        [
            0.07416587134816428,
            0.9683018494581506,
            0.9616698713661135,
            0.0
        ]
    ],
    "magnifications": [
        [
            3.6892934770834676,
            116.64846954175039,
            -112.80783684780351,
            -4.135893366663603
        ],
        [
            7.609099320250431,
            661.1970988705035,
            -665.1498594392408,
            0.0
        ]
    ],
    "time_delays": [
        [
            0.0,
            9076687.449503414,
            9076834.573021969,
            10480835.18761715
        ],
        [
            0.0,
            127051.83556348179,
            127052.03106565773,
            0.0
        ]
    ],
    "image_type": [
        [
            1.0,
            1.0,
            2.0,
            2.0
        ],
        [
            1.0,
            1.0,
            2.0,
            0.0
        ]
    ],
    "n_images": [
        4,
        3
    ],
    "x_source": [
        -0.16854766896469736,
        0.44628644449162647
    ],
    "y_source": [
        -0.06329086956430391,
        0.21683832540006276
    ],
    "effective_luminosity_distance": [
        [
            4859.735960245854,
            864.260676448688,
            878.849763162012,
            4589.861800321216
        ],
        [
            13088.70056205763,
            1404.0988672600574,
            1399.9206082618016,
            0.0
        ]
    ],
    "effective_geocent_time": [
        [
            1248047791.2624125,
            1257124478.711916,
            1257124625.8354344,
            1258528626.4500296
        ],
        [
            1266259234.6633928,
            1266386286.4989562,
            1266386286.6944585,
            0.0
        ]
    ],
    "optimal_snr_net": [
        [
            0.9976386160793961,
            8.917684264886304,
            8.763279617100922,
            1.026372161918952
        ],
        [
            0.855882804685119,
            8.084319224043538,
            8.10839294595654,
            0.0
        ]
    ],
    "L1": [
        [
            0.3035735573989206,
            6.001621671606379,
            5.8933617712493085,
            0.5138945119365582
        ],
        [
            0.3869398875105785,
            3.992684625733597,
            4.004540145641365,
            0.0
        ]
    ],
    "H1": [
        [
            0.3923754312642477,
            6.313608386130632,
            6.216330476107251,
            0.756832857312947
        ],
        [
            0.40863168142901113,
            6.637904948339371,
            6.657672848586048,
            0.0
        ]
    ],
    "V1": [
        [
            0.8655445826074891,
            1.9089209270387284,
            1.8494842774389537,
            0.46535606953728526
        ],
        [
            0.6448511826316716,
            2.3136345200748916,
            2.3205789426745542,
            0.0
        ]
    ]
}