{
    "zl": [
        0.1506623383418924
    ],
    "zs": [
        0.8687698936717393
    ],
    "sigma": [
        304.9400316215885
    ],
    "q": [
        0.8638420021609352
    ],
    "theta_E": [
        1.027715941183477e-05
    ],
    "phi": [
        5.5251202552820295
    ],
    "e1": [
        0.003991506142643471
    ],
    "e2": [
        -0.07294320083871855
    ],
    "gamma1": [
        -0.01632283959194727
    ],
    "gamma2": [
        -0.01855705730578062
    ],
    "gamma": [
        2.1953857995612087
    ],
    "geocent_time": [
        1260182568.5830083
    ],
    "ra": [
        3.7696650013280633
    ],
    "dec": [
        -0.1902492417271246
    ],
    "phase": [
        5.742122642606064
    ],
    "psi": [
        0.5736312903077689
    ],
    "theta_jn": [
        0.5770872173302742
    ],
    "a_1": [
        0.008154813068729573
    ],
    "a_2": [
        0.04911984264977062
    ],
    "tilt_1": [
        0.8876968503569809
    ],
    "tilt_2": [
        0.804148628742371
    ],
    "phi_12": [
        2.1013253050559424
    ],
    "phi_jl": [
        2.9503200061103447
    ],
    "luminosity_distance": [
        5554.092853559831
    ],
    "mass_1_source": [
        2.2272085399238026
    ],
    "mass_2_source": [
        1.395345745341595
    ],
    "mass_1": [
        4.162140266338194
    ],
    "mass_2": [
        2.607580120157326
    ],
    "x0_image_positions": [
        [
            0.6225144801563182,
            0.23050064439000156,
            0.3844005915328074,
            -0.9543200894364346
        ]
    ],
    "x1_image_positions": [
        [
            0.8133873633431454,
            -0.9794501315032849,
            -0.9317273194905499,
            0.14606035896960287
        ]
    ],
    "magnifications": [
        [
            10.957331332154913,
            107.48194699516966,
            -104.9255754113771,
            -11.226258623606023
        ]
    ],
    "time_delays": [
        [
            0.0,
            409579.01760504115,
            409889.72814228944,
            690320.532962204
        ]
    ],
    "image_type": [
        [
            1.0,
            1.0,
            2.0,
            2.0
        ]
    ],
    "n_images": [
        4
    ],
    "x_source": [
        0.027201526973403167
    ],
    "y_source": [
        0.014422679997448729
    ],
    "effective_luminosity_distance": [
        [
            1677.8793878190959,
            535.7292681764043,
            542.2161590854033,
            1657.6605978253135
        ]
    ],
    "effective_geocent_time": [
        [
            1260182568.5830083,
            1260592147.6006134,
            1260592458.3111506,
            1260872889.1159706
        ]
    ],
    "optimal_snr_net": [
        [
            1.7458235583722779,
            13.024556517448616,
            12.811194390684193,
            1.7023194904814667
        ]
    ],
    "L1": [
        [
            0.8853180142275544,
            9.028386688278314,
            8.847994566262244,
            1.0489601644697302
        ]
    ],
    "H1": [
        [
            0.6476175715717924,
            8.53304743232545,
            8.42541548116353,
            0.4520008235959919
        ]
    ],
    "V1": [
        [
            1.3581985832871704,
            3.913362722878652,
            3.853838066273922,
            1.2622477872815865
        ]
    ]
}