{
    "zs": [
        0.16912188539853745,
        0.045131387422509245
    ],
    "geocent_time": [
        1254145000.375833,
        1245921506.3895342
    ],
    "ra": [
        2.1580484830428697,
        4.762498499760023
    ],
    "dec": [
        -0.014634658164463727,
        -0.13256060983801973
    ],
    "phase": [
        3.0098708497442757,
        3.9843686250835213
    ],
    "psi": [
        1.3367532970180345,
        1.2668480594759455
    ],
    "theta_jn": [
        0.5009952809769561,
        1.4900966741564357
    ],
    "a_1": [
        0.0096352609000598,
        0.0472596900763441
    ],
    "a_2": [
        0.03185203764103875,
        0.007228172259280536
    ],
    "tilt_1": [
        1.3573189590554886,
        0.677639461697988
    ],
    "tilt_2": [
        0.6148840210307582,
        2.1928763505339197
    ],
    "phi_12": [
        3.5310437132483656,
        6.180936210275572
    ],
    "phi_jl": [
        2.3579303259481943,
        1.4000222903748434
    ],
    "luminosity_distance": [
        813.6321571947801,
        199.939393711114
    ],
    "mass_1_source": [
        2.255434218692746,
        1.921747199670658
    ],
    "mass_2_source": [
        1.8165356370996635,
        1.2334273070338626
    ],
    "mass_1": [
        2.6368775061504404,
        2.0084783170671168
    ],
    "mass_2": [
        2.123751568939592,
        1.2890935926851101
    ],
    "L1": [
        4.753570405578573,
        4.692426528658996
    ],
    "H1": [
        3.7654687762199988,
        2.607163892123034
    ],
    "V1": [
        2.0181505033663276,
        4.721659606614404
    ],
    "optimal_snr_net": [
        6.391253254230969,
        7.14914258691117
    ]
}